時間,イベント,ナイト
0,,
1,,
2,,
3,,
4,,
5,,
6,,
7,,
8,,
9,,
10,,
11,,
12,,
13,,
14,,
15,,
16,,
17,心ない天使,
18,心ない天使,
19,心ない天使,
20,,
21,,
22,,
23,アルテマ,
24,アルテマ,
25,アルテマ,"・MTをかばう
・センチネル"
26,,
27,,
28,,
29,,
30,ハイパードライブ,
31,ハイパードライブ,
32,ハイパードライブ,
33,,
34,,
35,,
36,,
37,,
38,スリースターズ,
39,スリースターズ,
40,スリースターズ,
41,,
42,,
43,,
44,,
45,,
46,,
47,,
48,,
49,アルテマ,
50,アルテマ,
51,アルテマ,
52,,
53,,
54,,
55,,
56,,
57,,
58,,
59,,
60,ミッシング,
61,ミッシング,
62,ミッシング,
63,ミッシング,
64,,
65,,
66,,
67,,
68,,
69,,
70,,
71,,
72,心ない大天使,
73,心ない大天使,
74,心ない大天使,
75,,
76,,
77,,
78,,
79,,
80,,
81,,
82,,
83,,
84,,
85,破壊の翼(両翼),
86,破壊の翼(両翼),
87,破壊の翼(両翼),
88,破壊の翼(両翼),
89,,
90,,
91,アルテマ,
92,アルテマ,
93,アルテマ,
94,,
95,,
96,,
97,,
98,,
99,,
100,,
101,心ない大天使,
102,心ない大天使,
103,心ない大天使,
104,,
105,,
106,,
107,,
108,,
109,,
110,,
111,,
112,,
113,,
114,,
115,裁きの光,
116,裁きの光,
117,裁きの光,
118,裁きの光,
119,裁きの光,
120,,
121,,
122,,
123,,
124,,
125,,
126,,
127,,
128,,
129,,
130,,
131,,
132,トライン,
133,,
134,,
135,,
136,,
137,,
138,破壊の翼(片翼),
139,破壊の翼(片翼),
140,破壊の翼(片翼),
141,破壊の翼(片翼),
142,,
143,,
144,,
145,,
146,,
147,,
148,,
149,破壊の翼(両翼),
150,破壊の翼(両翼),
151,破壊の翼(両翼),
152,破壊の翼(両翼),
153,,
154,,
155,,
156,,
157,,
158,,
159,,
160,,
161,,
162,,
163,,
164,,
165,,
166,アルテマ,
167,アルテマ,
168,アルテマ,
169,,
170,,
171,,
172,,
173,,
174,過去/未来の破滅,
175,過去/未来の破滅,
176,過去/未来の破滅,
177,過去/未来の破滅,
178,,
179,,
180,,
181,,
182,,
183,,
184,,
185,,
186,終末の双腕,
187,終末の双腕,
188,終末の双腕,
189,,
190,,
191,,
192,ハイパードライブ,
193,ハイパードライブ,
194,ハイパードライブ,
195,,
196,,
197,,
198,,
199,,
200,アルテマ,
201,アルテマ,
202,アルテマ,
203,,
204,,
205,,
206,,
207,,
208,,
209,,
210,,
211,,
212,,
213,,
214,,
215,,
216,ミッシング,
217,ミッシング,
218,ミッシング,
219,ミッシング,
220,,
221,,
222,,
223,,
224,,
225,妖星乱舞,
226,妖星乱舞,
227,妖星乱舞,
228,,
229,,
230,,
231,過去/未来の終焉,
232,過去/未来の終焉,
233,過去/未来の終焉,
234,過去/未来の終焉,
235,,
236,,
237,,
238,,
239,消滅の脚,
240,消滅の脚,
241,消滅の脚,
242,,
243,,
244,,
245,,
246,,
247,,
248,,
249,裁きの光,
250,裁きの光,
251,裁きの光,
252,裁きの光,
253,裁きの光,
254,,
255,,
256,,
257,,
258,,
259,,
260,,
261,,
262,,
263,,
264,,
265,スリースターズ,
266,スリースターズ,
267,スリースターズ,
268,スリースターズ,
269,スリースターズ,
270,,
271,,
272,,
273,,
274,,
275,破壊の翼(片翼),
276,破壊の翼(片翼),
277,破壊の翼(片翼),
278,破壊の翼(片翼),
279,,
280,,
281,,
282,アルテマ,
283,アルテマ,
284,アルテマ,
285,,
286,,
287,,
288,,
289,,
290,,
291,,
292,,
293,,
294,,
295,,
296,,
297,,
298,,
299,トライン,
300,トライン,
301,トライン,
302,トライン,
303,,
304,,
305,,
306,,
307,過去/未来の破滅,
308,過去/未来の破滅,
309,過去/未来の破滅,
310,,
311,,
312,,
313,,
314,,
315,,
316,,
317,,
318,,
319,,
320,,
321,,
322,,
323,,
324,,
325,,
326,,
327,,
328,,
329,,
330,,
331,,
332,,
333,,
334,,
335,,
336,,
337,,
338,,
339,,
340,,
341,,
342,,
343,,
344,,
345,,
346,,
347,,
348,,
349,,
350,,
351,,
352,,
353,,
354,,
355,,
356,,
357,,
358,,
359,,
360,,
361,,
362,,
363,,
364,,
365,,
366,,
367,,
368,,
369,,
370,,
371,,
372,,
373,,
374,,
375,,
376,,
377,,
378,,
379,,
380,,
381,,
382,,
383,,
384,,
385,,
386,,
387,,
388,,
389,,
390,,
391,,
392,,
393,,
394,,
395,,
396,,
397,,
398,,
399,,
400,,
401,,
402,,
403,,
404,,
405,,
406,,
407,,
408,,
409,,
410,,
411,,
412,,
413,,
414,,
415,,
416,,
417,,
418,,
419,,
420,,
421,,
422,,
423,,
424,,
425,,
426,,
427,,
428,,
429,,
430,,
431,,
432,,
433,,
434,,
435,,
436,,
437,,
438,,
439,,
440,,
441,,
442,,
443,,
444,,
445,,
446,,
447,,
448,,
449,,
450,,
451,,
452,,
453,,
454,,
455,,
456,,
457,,
458,,
459,,
460,,
461,,
462,,
463,,
464,,
465,,
466,,
467,,
468,,
469,,
470,,
471,,
472,,
473,,
474,,
475,,
476,,
477,,
478,,
479,,
480,,
481,,
482,,
483,,
484,,
485,,
486,,
487,,
488,,
489,,
490,,
491,,
492,,
493,,
494,,
495,,
496,,
497,,
498,,
499,,
500,,
501,,
502,,
503,,
504,,
505,,
506,,
507,,
508,,
509,,
510,,
511,,
512,,
513,,
514,,
515,,
516,,
517,,
518,,
519,,
520,,
521,,
522,,
523,,
524,,
525,,
526,,
527,,
528,,
529,,
530,,
531,,
532,,
533,,
534,,
535,,
536,,
537,,
538,,
539,,
540,,
541,,
542,,
543,,
544,,
545,,
546,,
547,,
548,,
549,,
550,,
551,,
552,,
553,,
554,,
555,,
556,,
557,,
558,,
559,,
560,,
561,,
562,,
563,,
564,,
565,,
566,,
567,,
568,,
569,,
570,,
571,,
572,,
573,,
574,,
575,,
576,,
577,,
578,,
579,,
580,,
581,,
582,,
583,,
584,,
585,,
586,,
587,,
588,,
589,,
590,,
591,,
592,,
593,,
594,,
595,,
596,,
597,,
598,,
599,,
600,,
